City_ID,City,Lat,Lng,Max Temp,Humidity,Cloudiness,Wind Speed,Country,Date
0,ayacucho,-13.1583,-74.2239,17.92,59,20,1.54,PE,1674915941
1,spearfish,44.4908,-103.8594,-8.83,83,100,6.17,US,1674915942
2,butaritari,3.0707,172.7902,27.2,78,10,11.34,KI,1674915943
3,rikitea,-23.1203,-134.9692,25.59,74,70,4.04,PF,1674915943
4,buala,-8.145,159.5921,26.3,81,87,0.96,SB,1674915944
5,puerto ayora,-0.7393,-90.3518,26.98,85,43,0.89,EC,1674915945
6,tuktoyaktuk,69.4541,-133.0374,-31.0,76,0,3.09,CA,1674915946
7,bredasdorp,-34.5322,20.0403,17.35,74,100,6.0,ZA,1674915947
8,glendive,47.1053,-104.7125,-15.29,78,100,4.63,US,1674915675
9,cidreira,-30.1811,-50.2056,29.04,62,32,3.81,BR,1674915948
10,belyy yar,53.6039,91.3903,-1.06,56,0,7.0,RU,1674915949
11,new norfolk,-42.7826,147.0587,16.72,62,1,1.12,AU,1674915950
12,mercedes,-34.6515,-59.4307,28.86,47,0,2.74,AR,1674915950
13,albany,42.6001,-73.9662,3.46,67,80,3.68,US,1674915735
14,dryden,49.7833,-92.7503,-27.84,76,0,4.12,CA,1674915952
15,cape town,-33.9258,18.4232,23.39,60,40,13.89,ZA,1674915616
16,te anau,-45.4167,167.7167,11.7,75,0,0.53,NZ,1674915953
17,terrace bay,48.7834,-87.1,-24.8,99,42,3.53,CA,1674915954
18,ponta delgada,37.7333,-25.6667,15.4,67,75,5.14,PT,1674915759
19,lorengau,-2.0226,147.2712,26.95,82,51,2.45,PG,1674915955
20,tasiilaq,65.6145,-37.6368,-3.91,95,100,3.76,GL,1674915956
21,mackay,-21.15,149.2,25.38,82,19,5.8,AU,1674915855
22,marienheide,51.0833,7.5333,0.35,80,53,1.59,DE,1674915958
23,hobart,-42.8794,147.3294,16.92,80,40,2.06,AU,1674915785
24,coihaique,-45.5752,-72.0662,19.34,59,40,4.63,CL,1674915959
25,port alfred,-33.5906,26.891,23.99,80,40,4.47,ZA,1674915959
26,santa rosa,14.3122,121.1114,25.06,76,88,7.4,PH,1674915960
27,vuktyl,63.8567,57.3094,-11.18,95,100,3.89,RU,1674915961
28,ushuaia,-54.8,-68.3,14.81,44,0,12.35,AR,1674915907
29,geraldton,-28.7667,114.6,22.23,78,0,7.72,AU,1674915963
30,damghan,36.1683,54.348,2.77,43,0,1.99,IR,1674915968
31,dikson,73.5069,80.5464,-23.62,96,100,3.66,RU,1674915969
32,punta arenas,-53.15,-70.9167,15.01,51,75,18.52,CL,1674915970
33,walvis bay,-22.9575,14.5053,23.53,64,0,4.63,NA,1674915972
34,ormara,25.2088,64.6357,20.81,41,100,5.18,PK,1674915974
35,broken hill,-31.95,141.4333,30.54,19,100,4.34,AU,1674915977
36,jamestown,42.097,-79.2353,0.77,79,100,6.71,US,1674915785
37,iqaluit,63.7506,-68.5145,-38.15,67,40,0.0,CA,1674915981
38,myingyan,21.4667,95.3833,25.38,40,0,1.35,MM,1674915983
39,saint-philippe,-21.3585,55.7679,27.77,89,100,1.83,RE,1674915984
40,qaanaaq,77.484,-69.3632,-20.79,64,0,3.52,GL,1674915986
41,ambilobe,-13.2,49.05,27.89,78,91,2.91,MG,1674915988
42,poum,-20.2333,164.0167,26.14,81,100,3.25,NC,1674915990
43,allahganj,27.55,79.6833,14.9,42,0,3.04,IN,1674915991
44,fortuna,40.5982,-124.1573,8.29,90,100,2.06,US,1674915653
45,svetlogorsk,52.6333,29.7333,-2.49,84,100,1.75,BY,1674915996
46,salalah,17.0151,54.0924,27.05,24,0,6.69,OM,1674915998
47,narsaq,60.9167,-46.05,-1.88,67,100,10.07,GL,1674916000
48,hermanus,-34.4187,19.2345,18.22,77,100,7.22,ZA,1674916001
49,castro,-24.7911,-50.0119,25.87,60,0,0.68,BR,1674916002
50,mehamn,71.0357,27.8492,0.95,93,20,5.66,NO,1674916003
51,turukhansk,65.8167,87.9833,-14.97,96,100,3.12,RU,1674916004
52,teguldet,57.3064,88.1667,-7.91,94,100,4.6,RU,1674916004
53,lagoa,39.05,-27.9833,14.39,69,44,6.25,PT,1674916006
54,karratha,-20.7377,116.8463,29.81,66,0,3.89,AU,1674916006
55,dunedin,-45.8742,170.5036,14.33,82,18,1.34,NZ,1674916008
56,alexandria,31.2156,29.9553,20.3,49,2,4.71,EG,1674915780
57,pontes e lacerda,-15.2261,-59.3353,23.68,92,100,1.3,BR,1674915868
58,atuona,-9.8,-139.0333,25.84,78,100,9.22,PF,1674916009
59,lompoc,34.6391,-120.4579,9.73,82,75,2.06,US,1674916010
60,punta alta,-38.8759,-62.0736,31.97,37,0,1.41,AR,1674916011
61,kahului,20.8947,-156.47,22.13,98,100,5.66,US,1674915896
62,mataura,-46.1927,168.8643,9.79,95,0,0.78,NZ,1674916012
63,rio tercero,-32.173,-64.1141,26.36,68,7,2.68,AR,1674916013
64,cabo san lucas,22.8909,-109.9124,12.61,77,100,1.54,MX,1674915921
65,dali,25.7,100.1833,9.83,60,4,1.97,CN,1674916015
66,klaksvik,62.2266,-6.589,6.51,83,100,10.42,FO,1674916015
67,mahebourg,-20.4081,57.7,26.81,94,75,1.54,MU,1674916016
68,airai,-8.9266,125.4092,16.81,93,96,0.42,TL,1674916017
69,nikolskoye,59.7035,30.7861,-4.06,85,92,4.82,RU,1674916018
70,yagodnoye,62.55,149.6667,-28.35,98,100,0.55,RU,1674916018
71,mar del plata,-38.0023,-57.5575,23.01,91,40,4.12,AR,1674916019
72,nhulunbuy,-12.2333,136.7667,25.34,94,100,1.03,AU,1674916020
73,dhidhdhoo,6.8833,73.1,27.05,72,9,1.79,MV,1674916021
74,norman wells,65.282,-126.8329,-32.98,68,20,2.06,CA,1674916022
75,san quintin,30.4833,-115.95,11.42,52,100,2.66,MX,1674916023
76,erzin,36.9559,36.2,12.65,62,66,2.66,TR,1674916025
77,kapaa,22.0752,-159.319,21.18,72,75,3.6,US,1674916026
78,avarua,-21.2078,-159.775,26.03,89,75,2.06,CK,1674916029
79,christchurch,-43.5333,172.6333,13.28,79,21,1.54,NZ,1674915302
80,rawson,-43.3002,-65.1023,24.13,32,1,3.94,AR,1674916031
81,ossora,59.2353,163.0719,-9.81,95,99,2.72,RU,1674916034
82,coos bay,43.3665,-124.2179,6.66,97,100,1.54,US,1674916035
83,tahoua,14.8888,5.2692,34.21,8,100,5.06,NE,1674916036
84,cherskiy,68.75,161.3,-28.48,94,100,1.45,RU,1674916038
85,carnarvon,-24.8667,113.6333,24.54,76,0,8.45,AU,1674916040
86,vaini,-21.2,-175.2,24.09,100,20,2.06,TO,1674916042
87,innisfail,-17.5333,146.0333,24.51,93,15,1.57,AU,1674916044
88,asfi,32.2994,-9.2372,15.19,48,99,6.47,MA,1674916045
89,bluff,-46.6,168.3333,13.68,83,73,2.31,NZ,1674916047
90,bathsheba,13.2167,-59.5167,27.34,65,40,8.75,BB,1674916049
91,ribeira grande,38.5167,-28.7,16.22,67,40,7.15,PT,1674916050
92,barrow,71.2906,-156.7887,-23.99,70,0,6.69,US,1674916052
93,vao,-22.6667,167.4833,24.19,77,100,4.78,NC,1674916053
94,asau,46.4333,26.4,-2.49,79,100,3.17,RO,1674916036
95,bonavista,48.6499,-53.1147,-3.5,61,47,2.68,CA,1674916058
96,husavik,66.0449,-17.3389,2.5,82,100,6.59,IS,1674916059
97,ketou,7.3633,2.5998,37.98,27,13,2.29,BJ,1674916061
98,weston,26.1004,-80.3998,23.34,72,100,5.66,US,1674915684
99,khatanga,71.9667,102.5,-31.19,90,47,4.43,RU,1674916062
100,solok,-0.7918,100.6593,21.53,96,100,0.94,ID,1674916063
101,opotiki,-38.0833,177.2833,21.88,97,100,4.15,NZ,1674916064
102,bambous virieux,-20.3428,57.7575,26.79,94,75,1.54,MU,1674916065
103,port hardy,50.6996,-127.4199,4.1,100,100,1.54,CA,1674916065
104,mareeba,-17.0,145.4333,24.13,92,41,1.06,AU,1674916066
105,mount gambier,-37.8333,140.7667,15.33,97,100,1.8,AU,1674916067
106,clyde river,70.4692,-68.5914,-21.87,84,100,10.8,CA,1674916068
107,hilo,19.7297,-155.09,22.38,95,75,2.06,US,1674916069
108,ponta do sol,32.6667,-17.1,17.06,70,75,2.39,PT,1674916069
109,boende,-0.2167,20.8667,33.58,36,100,2.19,CD,1674916070
110,norden,53.6,7.2,4.52,84,100,4.32,DE,1674915634
111,lata,40.1629,-8.3327,13.37,40,0,4.12,PT,1674916071
112,sibolga,1.7427,98.7792,24.64,88,100,1.28,ID,1674916072
113,inuvik,68.3499,-133.7218,-24.58,76,0,2.57,CA,1674916073
114,evensk,61.95,159.2333,-13.44,84,100,5.33,RU,1674916074
115,zharkovskiy,55.849,32.2697,-5.91,96,71,0.63,RU,1674916074
116,saint-francois,46.4154,3.9054,2.69,72,100,5.66,FR,1674916076
117,arequipa,-16.3989,-71.535,17.04,67,40,1.54,PE,1674916077
118,kushiro,42.975,144.3747,-7.83,65,93,9.61,JP,1674916078
119,muli,2.9167,73.5667,27.31,72,97,5.71,MV,1674916079
120,milton,34.1322,-84.3007,5.92,84,9,0.96,US,1674915785
121,jega,12.2175,4.3792,36.26,8,100,2.23,NG,1674916080
122,jaciara,-15.9653,-54.9683,22.38,92,100,1.59,BR,1674916081
123,muravlenko,63.7898,74.523,-16.48,96,53,5.0,RU,1674916082
124,roald,62.5833,6.1333,7.64,60,75,8.23,NO,1674916085
125,gravdal,68.1214,13.5031,1.94,69,75,8.75,NO,1674916086
126,katsuura,35.1333,140.3,4.49,55,35,5.66,JP,1674916088
127,port elizabeth,-33.918,25.5701,19.62,92,100,7.2,ZA,1674916100
128,scituate,42.1959,-70.7259,6.38,70,40,7.2,US,1674916102
129,esperance,-33.8667,121.9,16.36,62,0,4.96,AU,1674916103
130,kajaani,64.2273,27.7285,-0.97,93,100,5.14,FI,1674916105
131,bontang,0.1333,117.5,26.22,83,100,1.38,ID,1674916108
132,lahaina,20.8783,-156.6825,22.11,99,100,5.82,US,1674916061
133,lasa,46.6166,10.7002,3.35,77,62,1.18,IT,1674916110
134,jalu,29.0331,21.5482,18.67,30,62,3.91,LY,1674916113
135,baruun-urt,46.6806,113.2792,-12.39,73,61,5.8,MN,1674916115
136,saint-pierre,-21.3393,55.4781,27.82,78,75,3.6,RE,1674916116
137,lebu,-37.6167,-73.65,17.58,64,0,7.79,CL,1674916118
138,tuatapere,-46.1333,167.6833,11.35,86,13,0.88,NZ,1674916123
139,grindavik,63.8424,-22.4338,6.26,100,75,9.77,IS,1674916124
140,ghanzi,-21.5667,21.7833,35.05,17,14,5.08,BW,1674916126
141,sicula,46.4333,21.75,3.0,95,100,0.88,RO,1674916126
142,shimoda,34.6667,138.95,1.72,61,17,10.64,JP,1674916127
143,grand-santi,4.25,-54.3833,27.49,60,53,2.0,GF,1674916128
144,hami,42.8,93.45,-6.74,30,0,1.55,CN,1674916129
145,acapulco,16.8634,-99.8901,22.9,73,0,2.57,MX,1674915997
146,pevek,69.7008,170.3133,-20.02,94,100,0.29,RU,1674916130
147,nyurba,63.2842,118.3319,-45.45,100,62,1.71,RU,1674916131
148,cagliari,39.245,9.0912,12.74,62,40,3.6,IT,1674916132
149,nelson bay,-32.7167,152.15,25.05,93,46,4.47,AU,1674916134
150,kuandian,40.7286,124.7847,-13.36,79,8,1.08,CN,1674916135
151,longyearbyen,78.2186,15.6401,-6.09,68,40,6.17,SJ,1674916136
152,sidhauli,27.2833,80.8333,14.97,51,0,3.14,IN,1674916137
153,busselton,-33.65,115.3333,16.06,67,5,7.64,AU,1674916138
154,hofn,64.2539,-15.2082,2.48,99,100,5.53,IS,1674916139
155,yellowknife,62.456,-114.3525,-24.71,77,20,8.23,CA,1674916140
156,san rafael,-34.6177,-68.3301,26.65,39,0,3.35,AR,1674916141
157,lawton,34.6087,-98.3903,5.79,92,0,6.17,US,1674916143
158,chippewa falls,44.9369,-91.3929,-15.33,78,20,1.54,US,1674916145
159,gushikawa,26.3544,127.8686,12.57,60,75,4.63,JP,1674916150
160,torbay,47.6666,-52.7314,-0.79,63,20,2.57,CA,1674916151
161,luganville,-15.5333,167.1667,26.89,81,8,1.3,VU,1674916156
162,srednekolymsk,67.45,153.6833,-35.28,98,97,0.81,RU,1674916157
163,ust-karsk,52.7011,118.8077,-24.0,100,100,0.68,RU,1674916158
164,upernavik,72.7868,-56.1549,-19.95,92,100,1.25,GL,1674916160
165,sarana,56.4773,57.7259,-11.41,98,91,2.02,RU,1674916162
166,sri aman,1.2376,111.4621,25.03,94,100,0.0,MY,1674915966
167,guatire,10.4762,-66.5427,26.5,55,13,1.84,VE,1674916165
168,buchanan,5.8808,-10.0467,29.26,60,46,3.83,LR,1674916166
169,tulagi,-9.0996,160.1476,27.77,73,100,0.42,SB,1674916168
170,chuy,-33.6971,-53.4616,26.11,68,100,2.44,UY,1674915699
171,galveston,29.3669,-94.9669,18.36,86,100,7.2,US,1674915858
172,bilibino,68.0546,166.4372,-21.3,94,94,2.44,RU,1674916174
173,yumbe,3.4651,31.2469,35.87,13,2,3.07,UG,1674916176
174,abu dhabi,24.4667,54.3667,20.06,52,20,5.66,AE,1674915466
175,east london,-33.0153,27.9116,23.52,68,0,11.83,ZA,1674916180
176,provideniya,64.3833,-173.3,-8.52,95,100,3.05,RU,1674916182
177,general pico,-35.6566,-63.7568,29.68,26,0,1.63,AR,1674916184
178,semenivka,52.1783,32.5818,-1.64,82,20,3.28,UA,1674916185
179,nome,64.5011,-165.4064,-6.96,93,100,5.14,US,1674916186
180,riwaka,-41.0833,173.0,17.42,72,100,2.67,NZ,1674916187
181,faranah,10.0404,-10.7434,35.27,13,100,1.97,GN,1674916189
182,mugumu,-1.85,34.7,31.36,13,7,4.37,TZ,1674916191
183,ilulissat,69.2167,-51.1,-8.99,67,75,5.14,GL,1674916169
184,isangel,-19.55,169.2667,26.46,83,71,1.44,VU,1674916192
185,maragogi,-9.0122,-35.2225,28.59,58,87,4.79,BR,1674916193
186,saskylakh,71.9167,114.0833,-41.38,100,99,1.34,RU,1674916183
187,sao francisco,-15.9486,-44.8644,27.89,63,91,1.36,BR,1674916194
188,atikokan,48.7555,-91.6216,-33.83,100,13,1.16,CA,1674916195
189,polyarnyy,69.1989,33.4478,0.1,91,100,7.03,RU,1674916196
190,codrington,-38.2667,141.9667,15.93,91,100,1.47,AU,1674916197
191,sanchor,24.7553,71.7722,19.27,31,0,3.67,IN,1674916197
192,brae,60.3964,-1.353,7.38,74,100,7.98,GB,1674916198
193,gamba,-2.65,10.0,28.04,65,100,2.57,GA,1674916199
194,tromso,69.6496,18.957,0.21,86,100,6.69,NO,1674916200
195,niamey,13.5137,2.1098,33.16,6,0,5.14,NE,1674916201
196,auki,-8.7676,160.7034,25.0,86,99,0.82,SB,1674916204
197,quesnel,52.9999,-122.5029,-8.72,57,0,9.26,CA,1674915916
198,carutapera,-1.195,-46.02,27.03,79,100,2.4,BR,1674916218
199,mutoko,-17.397,32.2268,24.5,63,41,3.96,ZW,1674916221
200,gustrow,53.7972,12.1734,2.2,69,20,4.63,DE,1674916222
201,faanui,-16.4833,-151.75,26.97,75,14,6.53,PF,1674916231
202,kaitangata,-46.2817,169.8464,9.84,93,5,2.08,NZ,1674916234
203,gaogou,34.0175,119.1886,-1.97,39,0,3.23,CN,1674916237
204,constitucion,-35.3333,-72.4167,21.74,46,0,4.61,CL,1674916241
205,abonnema,4.7084,6.7931,30.62,56,100,5.28,NG,1674916247
206,lar,26.2039,83.9717,14.87,57,0,2.48,IN,1674916248
207,nanortalik,60.1432,-45.2371,-3.51,81,100,16.2,GL,1674916249
208,ginir,7.1333,40.7,21.3,28,3,5.64,ET,1674916249
209,aklavik,68.2191,-135.0107,-31.0,76,0,2.57,CA,1674916252
210,arraial do cabo,-22.9661,-42.0278,31.92,62,0,3.6,BR,1674916081
211,byron bay,-28.65,153.6167,23.86,89,19,3.08,AU,1674916253
212,price,39.5994,-110.8107,-6.41,86,100,1.54,US,1674916254
213,vysokogornyy,50.1167,139.15,-27.37,97,100,2.19,RU,1674916255
214,atherton,53.5237,-2.4935,7.64,95,100,0.45,GB,1674916256
215,puerto baquerizo moreno,-0.9,-89.6,25.55,89,40,3.09,EC,1674916256
216,nizwa,22.9333,57.5333,18.77,54,8,3.74,OM,1674916257
217,santa maria,-29.6842,-53.8069,32.61,58,20,1.54,BR,1674916258
218,danao,10.5208,124.0272,26.03,88,100,3.2,PH,1674916259
219,hirara,24.8,125.2833,14.98,67,100,10.28,JP,1674916253
220,chermoz,58.787,56.1489,-18.09,100,74,2.54,RU,1674916260
221,tura,25.5198,90.2201,16.86,45,0,1.38,IN,1674916201
222,sisimiut,66.9395,-53.6735,-10.76,82,100,5.92,GL,1674916265
223,aranos,-24.1333,19.1167,34.49,20,74,2.02,NA,1674916266
224,lashio,22.9333,97.75,15.49,60,0,0.81,MM,1674916269
225,edd,13.9297,41.6925,28.29,55,81,11.25,ER,1674916278
226,thompson,55.7435,-97.8558,-32.91,75,40,3.09,CA,1674916199
227,bethel,41.3712,-73.414,5.56,63,75,4.12,US,1674916291
228,halifax,44.6453,-63.5724,1.95,76,33,2.06,CA,1674916069
229,teshie,5.5836,-0.1072,32.31,62,20,5.66,GH,1674916296
230,portland,45.5234,-122.6762,7.19,95,100,1.79,US,1674916032
231,hamilton,39.1834,-84.5333,4.94,79,100,2.06,US,1674916300
232,darhan,49.4867,105.9228,-19.21,93,17,2.74,MN,1674916032
233,honningsvag,70.9821,25.9704,0.86,75,100,3.6,NO,1674916304
234,at-bashi,41.1702,75.8106,-12.61,68,100,0.9,KG,1674916305
235,mamlyutka,54.9375,68.5394,-9.72,94,94,5.44,KZ,1674916306
236,dongkan,33.9997,119.8308,-1.79,40,0,3.0,CN,1674916307
237,bac lieu,9.285,105.7244,24.16,76,100,6.22,VN,1674916308
238,egvekinot,66.3167,-179.1667,-10.42,96,100,1.25,RU,1674916309
239,gat,31.61,34.7642,21.56,39,14,2.92,IL,1674916205
240,santa cruz,-17.8,-63.1667,27.03,78,75,5.14,BO,1674916150
241,ayolas,-27.4,-56.9,39.73,19,56,2.34,PY,1674916310
242,pangnirtung,66.1451,-65.7125,-39.41,99,100,1.63,CA,1674916311
243,izumo,35.3667,132.7667,-0.03,67,100,7.74,JP,1674916311
244,leningradskiy,69.3833,178.4167,-17.05,95,100,5.37,RU,1674916230
245,teknaf,20.8624,92.3058,22.78,62,0,4.44,BD,1674915749
246,sao joao da barra,-21.6403,-41.0511,31.05,77,56,3.88,BR,1674916314
247,chokurdakh,70.6333,147.9167,-36.45,100,88,1.17,RU,1674916184
248,jutai,-5.1833,-68.9,26.69,78,100,0.89,BR,1674916316
249,sorong,-0.8833,131.25,26.44,81,100,0.63,ID,1674916317
250,liverpool,53.4106,-2.9779,8.19,92,75,4.12,GB,1674916318
251,wagar,16.1525,36.2032,31.45,25,19,6.61,SD,1674916318
252,antalaha,-14.9003,50.2788,26.65,85,41,2.74,MG,1674916319
253,ambulu,-8.345,113.6058,23.39,97,100,1.56,ID,1674916320
254,abha,18.2164,42.5053,18.9,63,20,5.14,SA,1674916322
255,yerbogachen,61.2767,108.0108,-25.58,100,100,0.77,RU,1674916328
256,umea,63.8284,20.2597,-0.04,74,0,2.57,SE,1674916335
257,lambarene,-0.7001,10.2406,31.01,66,75,1.97,GA,1674916336
258,saldanha,-33.0117,17.9442,23.03,72,80,14.49,ZA,1674916339
259,ketchikan,55.3422,-131.6461,3.99,75,0,6.17,US,1674916341
260,kutum,14.2,24.6667,29.17,6,89,3.23,SD,1674916345
261,winnemucca,40.973,-117.7357,0.39,80,92,1.37,US,1674916108
262,balkanabat,39.5108,54.3671,3.68,45,0,3.01,TM,1674916354
263,tala,30.6803,30.9429,20.34,30,61,6.51,EG,1674916356
264,griffith,41.5284,-87.4237,-4.83,81,100,2.57,US,1674916360
265,kodiak,57.79,-152.4072,-0.27,100,0,2.57,US,1674916211
266,padang,-0.9492,100.3543,24.03,87,100,1.93,ID,1674916095
267,bandarbeyla,9.4942,50.8122,24.31,72,52,8.67,SO,1674916369
268,sept-iles,50.2001,-66.3821,-5.0,87,100,5.66,CA,1674916294
269,san carlos,9.6612,-68.5827,30.29,35,18,0.57,VE,1674916370
270,college,64.8569,-147.8028,-9.4,79,100,0.0,US,1674916371
271,hithadhoo,-0.6,73.0833,27.7,74,98,5.59,MV,1674916373
272,bay roberts,47.5999,-53.2648,-0.37,62,19,1.34,CA,1674916374
273,bela cruz,-3.0506,-40.1678,33.28,44,24,5.2,BR,1674916375
274,maloy,61.9353,5.1136,5.85,58,99,5.8,NO,1674916377
275,puerto escondido,15.85,-97.0667,26.91,47,0,1.43,MX,1674916378
276,ust-kuyga,70.0167,135.6,-39.74,96,100,2.98,RU,1674916379
277,tigil,57.8,158.6667,-22.46,96,17,1.67,RU,1674916380
278,sistranda,63.7256,8.834,2.98,75,100,16.13,NO,1674916381
279,caravelas,-17.7125,-39.2481,30.33,57,100,4.55,BR,1674916382
280,vrangel,42.7297,133.0839,-14.72,67,6,4.38,RU,1674916384
281,manokwari,-0.8667,134.0833,25.73,84,100,2.25,ID,1674916393
282,kosa,59.9445,54.9977,-13.78,96,73,2.94,RU,1674916394
283,praia da vitoria,38.7333,-27.0667,17.09,82,40,4.18,PT,1674916396
284,camana,-16.6228,-72.7111,24.04,80,96,3.97,PE,1674916399
285,paita,-5.0892,-81.1144,24.29,69,99,2.84,PE,1674916402
286,petatlan,17.5167,-101.2667,18.89,38,6,0.34,MX,1674916252
287,mandiana,10.6333,-8.6833,35.4,11,100,1.59,GN,1674916406
288,tiznit,29.5833,-9.5,13.02,41,2,5.86,MA,1674916408
289,amuntai,-2.4177,115.2494,23.96,90,100,1.15,ID,1674916431
290,edzell,56.8095,-2.6549,7.62,73,55,1.39,GB,1674916431
291,georgetown,5.4112,100.3354,27.35,87,40,4.12,MY,1674916254
292,gangapur,26.4833,76.7167,15.85,20,26,1.74,IN,1674916432
293,ust-maya,60.4167,134.5333,-45.88,100,86,0.43,RU,1674916337
294,la mesa,32.7678,-117.0231,11.29,62,20,3.6,US,1674916434
295,sobolevo,54.4299,31.8996,-3.51,90,87,1.03,RU,1674916332
296,sao gabriel da cachoeira,-0.1303,-67.0892,27.3,83,100,1.25,BR,1674916435
297,burgeo,47.6167,-57.6152,-2.43,63,23,3.2,CA,1674916436
298,trat,12.5,102.5,26.04,58,95,3.22,TH,1674916436
299,bom despacho,-19.7364,-45.2522,25.19,75,53,2.03,BR,1674916438
300,luderitz,-26.6481,15.1594,24.26,58,0,13.75,NA,1674916439
301,east stroudsburg,40.9995,-75.1813,5.03,62,17,0.45,US,1674916439
302,lamesa,32.7376,-101.951,4.66,71,99,5.09,US,1674916396
303,choya,52.0108,86.5467,-14.01,98,64,1.85,RU,1674916441
304,jianhu,29.9799,120.5712,0.97,47,31,1.19,CN,1674916442
305,luwingu,-10.2621,29.9271,19.85,91,100,1.65,ZM,1674916444
306,jinchang,38.4953,102.1739,-5.18,23,61,0.87,CN,1674916204
307,aragarcas,-15.8975,-52.2508,24.36,88,75,0.0,BR,1674916447
308,verkhnevilyuysk,63.4453,120.3167,-48.12,100,61,1.15,RU,1674916449
309,berlevag,70.8578,29.0864,0.97,86,100,4.12,NO,1674916451
310,kidal,18.4411,1.4078,24.29,5,48,5.66,ML,1674916452
311,raudeberg,61.9875,5.1352,5.37,58,98,6.64,NO,1674916454
312,guisijan,11.0932,122.0461,24.96,91,89,3.68,PH,1674916456
313,karaton,-6.3424,106.1045,23.32,95,100,1.55,ID,1674916458
314,kirakira,-10.4544,161.9205,26.32,86,100,2.28,SB,1674916209
315,hasaki,35.7333,140.8333,-1.78,44,78,4.41,JP,1674916461
316,oranjemund,-28.55,16.4333,21.21,72,12,10.26,NA,1674916463
317,pochutla,15.7432,-96.4661,24.9,44,0,1.54,MX,1674916465
318,marzuq,14.4,46.4667,19.86,53,87,3.35,YE,1674916468
319,ngunguru,-35.6167,174.5,20.45,97,93,3.89,NZ,1674916475
320,anloga,5.7947,0.8973,28.77,74,95,7.39,GH,1674916478
321,tessalit,20.1986,1.0114,20.41,7,79,5.51,ML,1674916479
322,magaria,12.9983,8.9099,35.93,8,82,2.03,NE,1674916480
323,mikhaylovskoye,51.8239,79.7172,-11.51,86,7,5.03,RU,1674916483
324,kuah,6.3265,99.8432,26.99,74,20,2.57,MY,1674916485
325,kavaratti,10.5669,72.642,26.73,72,7,4.39,IN,1674916486
326,pundaguitan,6.3711,126.1689,26.97,80,100,5.23,PH,1674916486
327,cayenne,4.9333,-52.3333,27.02,69,100,4.63,GF,1674916487
328,arak,34.0917,49.6892,-0.16,61,15,1.09,IR,1674916488
329,parakou,9.3372,2.6303,37.07,19,69,1.87,BJ,1674916489
330,ouallam,14.3188,2.0866,32.45,8,76,6.07,NE,1674916490
331,tevaitoa,-16.7833,-151.5,26.98,74,15,6.84,PF,1674916492
332,camp verde,34.5636,-111.8543,4.24,52,0,1.37,US,1674916492
333,erba,45.8096,9.2312,9.13,40,48,1.03,IT,1674916494
334,xining,36.6167,101.7667,-4.53,27,0,0.39,CN,1674916494
335,owo,7.1962,5.5868,33.23,33,81,1.43,NG,1674916272
336,sambava,-14.2667,50.1667,26.41,88,35,3.28,MG,1674916496
337,coachella,33.6803,-116.1739,11.97,75,0,1.54,US,1674916379
338,kholodnyy,62.7167,147.95,-29.59,98,100,0.58,RU,1674916497
339,fort nelson,58.8053,-122.7002,-26.23,84,0,0.0,CA,1674916226
340,fairbanks,64.8378,-147.7164,-9.39,80,100,0.0,US,1674916315
341,maine-soroa,13.2114,12.0241,36.95,7,76,2.49,NE,1674916498
342,buraydah,26.326,43.975,19.25,40,0,2.99,SA,1674916499
343,ranot,7.7777,100.3213,23.24,94,100,5.01,TH,1674916501
344,namibe,-15.1961,12.1522,26.32,71,100,5.1,AO,1674916210
345,talas,38.6908,35.5538,6.37,76,75,3.09,TR,1674916503
346,baykit,61.67,96.37,-17.71,100,100,0.35,RU,1674916505
347,severo-kurilsk,50.6789,156.125,-3.86,74,100,5.48,RU,1674916346
348,saint-georges,12.0564,-61.7485,26.82,74,75,1.03,GD,1674916339
349,salinopolis,-0.6136,-47.3561,27.92,71,94,3.83,BR,1674916510
350,gorin,51.1983,136.6669,-34.94,100,40,1.48,RU,1674916512
351,port augusta,-32.5,137.7667,22.01,81,100,2.15,AU,1674916513
352,cabinda,-5.55,12.2,30.08,70,75,3.6,AO,1674916515
353,beloha,-25.1667,45.05,26.53,73,100,10.88,MG,1674916448
354,kudat,6.8837,116.8477,25.96,94,40,2.24,MY,1674916364
355,ottumwa,41.02,-92.4113,-5.03,92,100,6.69,US,1674916383
356,lewisporte,49.2499,-55.0482,-4.14,58,10,1.72,CA,1674916524
357,talnakh,69.4865,88.3972,-18.7,96,99,3.23,RU,1674916526
358,barabinsk,55.3571,78.357,-10.19,93,100,6.84,RU,1674916527
359,socorro,31.6546,-106.3033,6.04,55,20,2.06,US,1674916529
360,mineiros,-17.5694,-52.5511,24.96,69,62,5.55,BR,1674916537
361,dingle,10.9995,122.6711,23.77,93,100,5.16,PH,1674916246
362,sangar,63.9242,127.4739,-45.15,98,43,1.06,RU,1674916402
363,waitati,-45.75,170.5667,14.33,81,24,3.97,NZ,1674916544
364,kruisfontein,-34.0033,24.7314,17.71,85,87,7.74,ZA,1674916546
365,kadoma,34.7333,135.5833,2.99,48,15,2.57,JP,1674916547
366,hobyo,5.3505,48.5268,25.04,72,3,8.82,SO,1674916548
367,russell,32.3502,-85.1999,6.12,93,0,0.0,US,1674916549
368,tiksi,71.6872,128.8694,-31.7,100,100,1.49,RU,1674916550
369,qaqortoq,60.7167,-46.0333,-4.84,75,100,15.61,GL,1674916550
370,ivaipora,-24.2478,-51.6847,31.16,45,1,1.34,BR,1674916551
371,buritis,-15.6178,-46.4233,29.06,60,61,1.18,BR,1674916553
372,biabou,13.2,-61.1333,24.0,83,40,4.12,VC,1674916554
373,hereford,52.0568,-2.7148,7.08,83,56,1.73,GB,1674916554
374,shingu,33.7333,135.9833,1.42,64,3,5.94,JP,1674916555
375,ojinaga,29.5667,-104.4167,3.53,60,0,0.0,MX,1674916556
376,quang ngai,15.1167,108.8,17.06,92,100,3.09,VN,1674916557
377,san cristobal,7.7669,-72.225,20.1,48,59,1.87,VE,1674916558
378,mukhen,48.1,136.1,-30.59,98,29,1.4,RU,1674916559
379,vestmannaeyjar,63.4427,-20.2734,8.55,93,100,12.86,IS,1674916559
380,vilyuysk,63.7553,121.6247,-49.43,100,63,1.45,RU,1674916560
381,haines junction,60.7522,-137.5108,-17.84,100,96,0.31,CA,1674916562
382,akdepe,42.0551,59.3788,-0.95,42,0,3.89,TM,1674916565
383,eyl,7.9803,49.8164,24.98,68,7,9.21,SO,1674916567
384,samarai,-10.6167,150.6667,28.26,78,82,4.49,PG,1674916570
385,quatre cocos,-20.2078,57.7625,26.72,81,93,2.91,MU,1674916572
386,ouango,4.3133,22.5552,37.61,16,13,1.08,CF,1674916575
387,solovastru,46.7667,24.7667,0.49,93,100,1.27,RO,1674916577
388,canaries,28.0,-15.5,15.77,63,75,8.23,ES,1674916578
389,valledupar,10.4631,-73.2532,27.83,44,5,7.72,CO,1674916581
390,waingapu,-9.6567,120.2641,26.66,82,100,2.68,ID,1674916582
391,vesoul,47.5833,5.8333,4.45,69,97,5.5,FR,1674916583
392,victoria,22.2855,114.1577,14.58,35,37,0.89,HK,1674916579
393,wolsztyn,52.1155,16.1171,0.51,66,88,2.18,PL,1674916587
394,souillac,-20.5167,57.5167,26.21,94,75,1.54,MU,1674916589
395,cockburn town,21.4612,-71.1419,24.86,60,93,8.82,TC,1674916591
396,pacific grove,36.6177,-121.9166,8.38,93,0,2.68,US,1674916151
397,belawan,3.7755,98.6832,26.16,84,100,0.85,ID,1674916595
398,puerto carreno,6.189,-67.4859,27.99,57,0,6.17,CO,1674916597
399,sovetskiy,61.3614,63.5842,-11.85,88,6,3.92,RU,1674916602
400,diego de almagro,-26.3667,-70.05,26.06,31,2,3.18,CL,1674916604
401,sulecin,52.4443,15.1168,2.72,69,100,1.34,PL,1674916605
402,valle de allende,26.9333,-105.4,11.75,35,100,2.29,MX,1674916607
403,torata,-17.0769,-70.8433,17.91,70,59,3.14,PE,1674916608
404,coquimbo,-29.9533,-71.3436,18.85,77,0,1.03,CL,1674916609
405,sioux lookout,50.1001,-91.917,-32.96,75,20,0.0,CA,1674916610
406,ust-nera,64.5667,143.2,-36.35,99,86,1.29,RU,1674916611
407,shaowu,27.3409,117.4831,0.52,63,1,1.16,CN,1674916611
408,saint george,37.1041,-113.5841,-1.67,86,0,0.0,US,1674916612
409,hambantota,6.1241,81.1185,26.19,89,20,1.03,LK,1674916613
410,beringovskiy,63.05,179.3167,-8.85,96,97,2.75,RU,1674916614
411,touros,-5.1989,-35.4608,30.66,52,15,8.04,BR,1674916615
412,santa ana,33.7456,-117.8678,12.14,79,20,3.09,US,1674916367
413,lavrentiya,65.5833,-171.0,-8.85,96,100,2.09,RU,1674916616
414,castelnaudary,43.3183,1.9545,4.13,85,100,0.89,FR,1674916617
415,vila franca do campo,37.7167,-25.4333,15.23,70,62,4.97,PT,1674916618
416,high level,58.5169,-117.136,-20.94,77,0,5.14,CA,1674916619
417,marfino,55.7028,37.3822,-1.58,92,100,1.0,RU,1674916620
418,jining,35.405,116.5814,-1.39,23,0,3.25,CN,1674916508
419,oussouye,12.485,-16.5469,36.1,17,37,3.22,SN,1674916621
420,conde,-7.2597,-34.9075,30.7,55,75,7.72,BR,1674916623
421,nacajuca,18.1333,-93.0167,22.23,84,95,4.63,MX,1674916626
422,henties bay,-22.116,14.2845,19.8,79,45,4.65,NA,1674916629
423,shenjiamen,29.9576,122.298,3.65,44,0,3.74,CN,1674916630
424,port hedland,-20.3167,118.5667,29.03,84,2,3.6,AU,1674916631
425,alibag,18.6411,72.8792,26.04,85,0,0.53,IN,1674916634
426,vitim,59.4511,112.5578,-13.75,97,100,1.38,RU,1674916635
427,mitu,1.1983,-70.1733,30.11,43,88,2.53,CO,1674916640
428,farafangana,-22.8167,47.8333,27.1,88,99,5.02,MG,1674916642
429,dogondoutchi,13.6393,4.0287,35.32,8,35,4.71,NE,1674916646
430,gilbues,-9.8317,-45.3439,30.67,45,97,3.43,BR,1674916648
431,pisa,43.7155,10.3966,10.09,45,0,6.69,IT,1674916650
432,korla,41.7597,86.1469,-8.28,70,0,0.86,CN,1674916652
433,komsomolskiy,40.4272,71.7189,0.4,64,100,0.0,UZ,1674916653
434,gizo,-8.103,156.8419,27.52,76,67,2.1,SB,1674916655
435,lovozero,68.005,35.0117,-3.1,91,100,3.13,RU,1674916656
436,naze,28.3667,129.4833,8.51,65,94,6.79,JP,1674916658
437,falun,60.6036,15.626,1.23,83,98,1.61,SE,1674916659
438,ulundi,-28.3352,31.4162,32.34,38,0,4.67,ZA,1674916660
439,carupano,10.6678,-63.2585,26.13,61,1,3.43,VE,1674916661
440,marquette,46.5333,-87.6335,-12.31,74,67,2.62,US,1674916390
441,ilhabela,-23.7781,-45.3581,27.86,76,36,2.37,BR,1674916385
442,hovd,48.0056,91.6419,-17.54,82,2,0.57,MN,1674916663
443,brest,52.1,23.7,0.0,86,100,2.0,BY,1674916664
444,acajutla,13.5928,-89.8275,28.85,47,73,4.24,SV,1674916666
445,pietarsaari,63.65,22.6833,0.56,82,52,0.89,FI,1674916667
446,auce,56.4598,22.9017,-2.04,75,78,4.14,LV,1674916668
447,tazovskiy,67.4667,78.7,-15.48,97,100,1.19,RU,1674916669
448,nueva concepcion,14.2,-91.3,28.2,38,46,0.67,GT,1674916670
449,lingao,19.9103,109.6859,13.7,54,39,3.46,CN,1674916671
450,kununurra,-15.7667,128.7333,27.99,89,100,2.57,AU,1674916491
451,bowen,-20.0167,148.2333,25.98,86,26,5.89,AU,1674916672
452,sao filipe,14.8961,-24.4956,25.02,64,56,4.96,CV,1674916673
453,puerto madryn,-42.7692,-65.0385,26.26,27,0,4.59,AR,1674916674
454,ambon,-3.6954,128.1814,25.08,94,40,3.09,ID,1674916676
455,basco,20.4487,121.9702,19.64,71,100,12.9,PH,1674916677
456,kongoussi,13.3258,-1.5347,30.93,8,100,5.34,BF,1674916678
457,jiaojiang,28.6803,121.4428,2.78,55,0,2.49,CN,1674916678
458,gap,44.6667,6.0,-2.87,52,6,2.58,FR,1674916465
459,alice,27.7523,-98.0697,15.86,94,100,1.48,US,1674916679
460,dolores,-36.3132,-57.6792,32.77,25,0,3.28,AR,1674916680
461,puerto cabezas,14.0351,-83.3888,24.98,94,40,2.06,NI,1674916681
462,togitsu,32.8333,129.85,3.62,69,96,4.52,JP,1674916684
463,umba,66.6871,34.3429,-2.15,94,100,7.64,RU,1674916688
464,cap malheureux,-19.9842,57.6142,26.93,82,88,1.34,MU,1674916691
465,yumen,40.2833,97.2,-8.17,35,0,5.3,CN,1674916693
466,dalby,-27.1833,151.2667,20.55,80,2,1.79,AU,1674916532
467,le port,-20.9373,55.2919,28.0,83,95,1.38,RE,1674916695
468,palana,59.1167,159.9667,-16.25,88,96,2.68,RU,1674916698
469,revelganj,25.7833,84.6667,17.95,52,0,2.16,IN,1674916701
470,huazhou,21.6333,110.5833,12.21,40,36,1.01,CN,1674916706
471,mwense,-10.3845,28.698,21.54,90,100,0.9,ZM,1674916709
472,foam lake,51.65,-103.5343,-24.99,99,91,4.47,CA,1674916710
473,trofors,65.5333,13.4063,1.93,96,100,11.65,NO,1674916712
474,cabo rojo,18.0866,-67.1457,26.25,68,2,2.24,PR,1674916720
475,tineo,43.3376,-6.4145,4.14,94,100,2.55,ES,1674916721
476,khani,41.9563,42.9566,6.76,60,100,1.83,GE,1674916722
477,torrington,41.8007,-73.1212,4.69,66,38,1.79,US,1674916723
478,soyo,-6.1349,12.3689,27.78,72,94,2.81,AO,1674916724
479,chegdomyn,51.1167,133.0167,-36.95,99,30,0.96,RU,1674916724
480,manta,-0.95,-80.7333,26.88,74,40,2.06,EC,1674916725
481,ulladulla,-35.35,150.4667,22.61,92,99,3.19,AU,1674916726
482,port macquarie,-31.4333,152.9167,23.27,90,47,4.56,AU,1674916436
483,mecca,21.4267,39.8261,29.56,28,2,3.33,SA,1674915936
484,luwuk,-0.9516,122.7875,25.73,89,96,0.86,ID,1674916728
485,lincoln,40.8,-96.667,-2.62,87,100,8.05,US,1674916556
486,port keats,-14.25,129.55,27.47,79,100,1.87,AU,1674916729
487,la ronge,55.1001,-105.2842,-21.86,71,75,6.69,CA,1674916730
488,kerrville,30.0474,-99.1403,11.64,97,100,2.06,US,1674916223
489,bengkulu,-3.8004,102.2655,25.14,88,100,5.5,ID,1674916731
490,vila velha,-20.3297,-40.2925,30.97,74,40,4.12,BR,1674916604
491,ust-kut,56.7938,105.7672,-10.94,94,100,2.72,RU,1674916732
492,didi lilo,41.7361,44.9647,-0.12,64,100,0.0,GE,1674916733
493,road town,18.4167,-64.6167,27.02,54,20,9.18,VG,1674916734
494,kabanjahe,3.1001,98.4908,17.39,94,100,0.41,ID,1674916734
495,varkaus,62.3153,27.873,-1.5,93,100,5.88,FI,1674916736
496,constantine,36.365,6.6147,5.67,81,75,3.6,DZ,1674916431
497,ancud,-41.8697,-73.8203,17.25,59,32,1.75,CL,1674916737
498,trincomalee,8.5711,81.2335,25.28,71,92,4.97,LK,1674916738
499,havoysund,70.9963,24.6622,1.13,75,98,9.74,NO,1674916738
500,weligama,5.9667,80.4167,23.98,83,100,1.88,LK,1674916740
501,camocim,-2.9022,-40.8411,30.92,56,16,4.58,BR,1674916744
502,dumas,35.8656,-101.9732,-0.92,59,0,3.6,US,1674916219
503,la cruz,23.9167,-106.9,20.08,71,100,1.58,MX,1674916512
504,upata,8.0086,-62.3989,24.55,50,29,2.47,VE,1674916748
505,yulara,-25.2406,130.9889,23.83,76,100,0.61,AU,1674916751
506,buxar,25.5833,83.9833,14.52,45,0,2.12,IN,1674916773
507,arlit,18.7369,7.3853,28.24,8,85,5.29,NE,1674916775
508,nkhotakota,-12.9274,34.2961,25.46,86,97,1.9,MW,1674916778
509,maningrida,-12.0667,134.2667,24.14,94,100,1.93,AU,1674916780
510,awbari,26.5921,12.7805,14.77,16,0,3.44,LY,1674916782
511,honiara,-9.4333,159.95,25.77,87,96,0.79,SB,1674916785
512,svinita,44.4997,22.1061,2.31,97,100,3.55,RO,1674916786
513,porto novo,6.4965,2.6036,29.9,60,46,6.03,BJ,1674916787
514,asha,54.9973,57.2722,-10.03,96,100,2.04,RU,1674916787
515,port lincoln,-34.7333,135.8667,17.99,93,100,4.61,AU,1674916789
516,puerto leguizamo,-0.1934,-74.7819,29.19,42,79,2.51,CO,1674916789
517,kyenjojo,0.6328,30.6214,27.9,27,87,1.99,UG,1674916790
518,novoagansk,61.9449,76.6625,-16.62,98,100,3.03,RU,1674916791
519,anadyr,64.75,177.4833,-3.72,86,40,1.0,RU,1674916792
520,zhigansk,66.7697,123.3711,-41.77,97,100,4.15,RU,1674916793
521,stephenville,32.2207,-98.2023,11.04,93,100,2.06,US,1674916793
522,bastia,42.6667,9.3333,9.89,68,75,4.12,FR,1674916794
523,saint-augustin,51.226,-58.6502,-15.12,63,87,0.88,CA,1674916795
524,lichinga,-13.3128,35.2406,21.05,94,75,5.66,MZ,1674916796
525,lampazos de naranjo,27.0167,-100.5167,13.15,71,100,1.64,MX,1674916797
526,sorland,67.667,12.6934,2.92,71,100,13.72,NO,1674916798
527,mount isa,-20.7333,139.5,29.87,58,34,7.72,AU,1674916799
528,bitung,1.4451,125.1824,25.47,84,73,2.29,ID,1674916800
529,doume,4.2333,13.45,30.54,35,99,1.78,CM,1674916800
530,puerto del rosario,28.5004,-13.8627,17.86,63,40,8.75,ES,1674916801
531,dera bugti,29.0307,69.151,13.45,12,65,1.57,PK,1674916803
532,rosario,-32.9468,-60.6393,28.47,69,0,2.57,AR,1674916451
533,fukue,32.6881,128.8419,6.37,58,100,8.77,JP,1674916807
534,wanaka,-44.7,169.15,13.95,71,0,0.89,NZ,1674916811
535,madona,56.8533,26.217,-5.03,92,31,2.57,LV,1674916813
536,killam,52.7834,-111.8518,-17.03,78,71,4.63,CA,1674916816
537,los llanos de aridane,28.6585,-17.9182,15.86,79,75,8.75,ES,1674916817
538,tumaco,1.7986,-78.8156,26.91,79,85,4.33,CO,1674916439
539,lufilufi,-13.8745,-171.5986,23.88,74,25,4.47,WS,1674916823
540,tevriz,57.509,72.4042,-6.06,95,100,3.26,RU,1674916824
541,yarovoye,52.9273,78.58,-10.26,85,6,6.76,RU,1674916828
542,moron,-34.6534,-58.6198,28.9,71,0,1.99,AR,1674916831
543,tairua,-37.0167,175.85,20.58,97,100,6.73,NZ,1674916836
544,faya,18.3851,42.4509,19.06,51,4,2.77,SA,1674916838
545,oktyabrskoye,43.0645,44.7417,-2.92,93,100,3.0,RU,1674916841
546,garowe,8.4054,48.4845,28.31,28,6,5.65,SO,1674916842
547,danshui,22.7984,114.4672,9.32,26,16,3.99,CN,1674916843
548,karpogory,64.0019,44.4451,-4.66,84,100,5.59,RU,1674916845
549,bafq,31.6128,55.4107,6.57,47,1,3.38,IR,1674916845
550,ilinskiy,55.619,38.1182,-1.93,93,100,0.0,RU,1674916846
551,matay,28.419,30.7792,24.99,12,80,3.96,EG,1674916846
552,tecoanapa,16.5167,-98.75,25.29,56,0,0.89,MX,1674916592
553,lisakovsk,52.5369,62.4936,-9.65,88,100,4.47,KZ,1674916848
554,iisalmi,63.5592,27.1907,0.46,82,100,5.2,FI,1674916849
555,taltal,-25.4,-70.4833,21.74,74,22,2.41,CL,1674916849
556,guerrero negro,27.9769,-114.0611,13.62,59,90,1.88,MX,1674916851
557,aykhal,66.0,111.5,-36.55,100,99,1.8,RU,1674916852
558,timberlake,37.3207,-79.2575,8.12,59,0,2.57,US,1674916854
559,piacabucu,-10.4056,-36.4344,30.49,52,8,5.95,BR,1674916855
560,vardo,70.3705,31.1107,0.89,90,99,2.48,NO,1674916855
561,artemovsk,49.8406,36.0417,-1.16,66,7,4.41,UA,1674916856
